{"type": "SampleSet", "version": {"sampleset_schema": "3.1.0"}, "num_variables": 46, "num_rows": 1, "sample_data": {"type": "array", "data": [[4189123543, 10429]], "data_type": "uint32", "shape": [1, 2], "use_bytes": false}, "sample_type": "int32", "sample_packed": true, "vectors": {"energy": {"type": "array", "data": [-93.75217932265514], "data_type": "float64", "shape": [1], "use_bytes": false}, "num_occurrences": {"type": "array", "data": [1], "data_type": "int64", "shape": [1], "use_bytes": false}}, "variable_labels": ["AFalsether urosepsis 1 year", "AKI - KDIGO 2012 [True/False]", "Acute RRT initiation", "Age", "Albumins [g/dl]", "Another urosepsis 1 year", "BMI", "CIT [min]", "Charlston Comorbidity Index (CCI)", "Creatinine at 1 Month", "Creatinine at 2-3 Months", "DIS: Tacrolimus [ng/day]", "Dawca", "FSGS", "INDUCTION [True / False]", "KTx- Sepsis/UTI/visit [months]", "Krea -3", "Limphocytes at discharge", "MCV [fL]", "Mean baseline eGFR (MDRD-4)", "Next UTI - 6 months", "PLR at admission", "PLR at discharge", "PLT [*10^3/ul]", "PLT at discharge", "Peptic ulcer disease", "Potasium [mmol/l]", "RBC [*10^6/ul]", "Reduction 3--> 2", "Reduction to steroid only", "SEPSA", "Steroid bolus", "Suma niezgodFalse\u00c5\u203aci", "Suma niezgodnosi", "Transfusion [True/False]", "Tripple maintenance therapy before admission", "Urea [mg/dl]", "WBC at discharge", "eGFR +1 (MDRD)", "eGFR +6 (MDRD)", "eGFR -12 (MDRD-4)", "eGFR -3 (MDRD-4)", "eGFR [ml/min/1.73m^2]", "log10 NLR", "log10eGFR - rozk\u00c5\u201aad Falsermalny", "peak-PRA [%]"], "variable_type": "BINARY", "info": {"qpu_access_time": 124988, "charge_time": 2982632, "run_time": 2982632, "problem_id": "ed857b94-2694-49a8-b2c2-34f3cbbd25f2", "problem_label": "Example - MI Feature Selection"}}