{"type": "SampleSet", "version": {"sampleset_schema": "3.1.0"}, "num_variables": 29, "num_rows": 1, "sample_data": {"type": "array", "data": [[16795648]], "data_type": "uint32", "shape": [1, 1], "use_bytes": false}, "sample_type": "int32", "sample_packed": true, "vectors": {"energy": {"type": "array", "data": [-2.453616973913313], "data_type": "float64", "shape": [1], "use_bytes": false}, "num_occurrences": {"type": "array", "data": [1], "data_type": "int64", "shape": [1], "use_bytes": false}}, "variable_labels": ["BMI", "CIT [min]", "CRP [mg/l]", "Composite endpoint (DEATH / GRAFT LOSS/ ACUTE REJECTION", "Composite endpoint (DEATH / GRAFT LOSS/ ACUTE REJECTION/ eGFR decline>20% to baseline", "Creatinine", "Creatinine at discharge", "Graft loss observation 1 year", "Hemoglobin [g/dl]", "KTx- Sepsis/UTI/visit [months]", "Lymphocytes [*10^3/ul]", "MCV [fL]", "MLR on admission", "Mean baseline eGFR (MDRD-4)", "Monocytes [*10^3/ul]", "Neutrophiles [*10^3/ul]", "PLR on admission", "PLT [*10^3/ul]", "PLT at discharge", "Potasium [mmol/l]", "RBC [*10^6/ul]", "Shock index", "Urea [mg/dl]", "WBC at discharge", "Weight", "dNLR on admission", "eGFR -12 (MDRD-4)", "eGFR -3 (MDRD-4)", "log10 NLR"], "variable_type": "BINARY", "info": {"qpu_access_time": 76886, "charge_time": 2993132, "run_time": 2993132, "problem_id": "43e8055d-f923-48ae-9498-3644bde1e400", "problem_label": "Example - MI Feature Selection"}}