{"type": "SampleSet", "version": {"sampleset_schema": "3.1.0"}, "num_variables": 126, "num_rows": 1, "sample_data": {"type": "array", "data": [[273746432, 50399234, 2445283328, 675296586]], "data_type": "uint32", "shape": [1, 4], "use_bytes": false}, "sample_type": "int32", "sample_packed": true, "vectors": {"energy": {"type": "array", "data": [-79.43169395744917], "data_type": "float64", "shape": [1], "use_bytes": false}, "num_occurrences": {"type": "array", "data": [1], "data_type": "int64", "shape": [1], "use_bytes": false}}, "variable_labels": ["<6 Months after KTx", "AB-Therapy Time [days]", "AB-response?", "ACS", "ADM: CsA [mg/day]", "ADM: GKS - encortone [mg/day]", "ADM: MMF [mg/day]", "ADM: Tacrolimus [mg/day]", "AF", "AFalsether urosepsis 1 year", "AGR (acute graft rejection) - 1 year", "AKI - KDIGO 2012 [True/False]", "AKI KDIGO 2012 - Stage [1/2/3]", "ALAT [IU/l]", "ASPAT [IU/l]", "ATG/ALG", "Acute RRT initiation", "Acute liver failure/injury", "Admission to ICU", "Age", "Albumins [g/dl]", "Aneamia", "BMI", "Basiliximab", "Bilirubin [mg/dl]", "Blood transfusion in transfusion units", "CAD", "CAGUT", "CIT [min]", "CKD Cause", "COPD/Asthma", "CRP [mg/l]", "CRP at discharge", "Charlston Comorbidity Index (CCI)", "Confirmed UTI", "Creatinine at 1 Month", "Creatinine at 2-3 Months", "Creatinine at 4-6 Months", "Creatinine at discharge", "DIS: GKS - encortone [mg/day]", "DIS: MMF [mg/day]", "DIS: Tacrolimus [ng/day]", "DM", "Dawca", "Diabetic nephropathy", "Diuresis (Anuria / Oliguria/ Falsermal)", "Dose reduction", "Ethiology", "FSGS", "GCS", "Glomerulonephritis", "Glucose [mg/ml]", "HF", "Hb [g/dl]", "Hipotonia", "Hypertensive nephropathy", "INDUCTION [True / False]", "KTx- Sepsis/UTI/visit [months]", "Krea -12", "Krea -3", "Length of stay [days]", "Limphocytes at discharge", "Lymphocytes [*10^3/ul]", "MAP", "MCV [fL]", "MDR infection", "MLR at admission", "MLR at discharge", "Ma\u00c5\u201aop\u00c5\u201aytkowo\u00c5\u203a\u00c4\u2021 (PLT <150 tys/ul)", "Mean baseline eGFR (MDRD-4)", "NLR at admission", "NLR at discharge", "Nawracaj\u00c4\u2026cy ZUM (wywiad)", "Need for DJ placement (or other instrumentations)", "Need for vasopressors", "Next UTI - 1 year", "Next UTI - 6 months", "Next UTI -6 months [observation time (days)]", "NiezgodFalsesci HLA-Dr", "NiezgodFalse\u00c5\u203aci 0-2/3-4/5-6", "NiezgodFalse\u00c5\u203aci HLA-AB", "Obesity", "On Oxygen?", "One substance paused (post discharge)", "PAD", "PCT [ng/ml]", "PLR at admission", "PLR at discharge", "PLT [*10^3/ul]", "PLT at discharge", "Peptic ulcer disease", "Peripheral Oedema", "Potasium [mmol/l]", "Prophylactic AB after discharge [True/False]", "Pulmonary Congestion", "RBC [*10^6/ul]", "RRs", "Reduction 3--> 2", "Reduction of regimen in acute phase", "Reduction to steroid only", "Relapse(do 14 dni od zak leczenia - ten sam patogen)", "Respiratory failure", "SEPSA", "Shock index", "Steroid bolus", "Stroke/TIA", "Suma niezgodFalse\u00c5\u203aci", "Total serum protein [g/dl]", "Transfusion [True/False]", "Tripple maintenance therapy before admission", "US/UTI/Controls", "Urea [mg/dl]", "Urine outflow obstruction", "WBC at discharge", "WIT [min]", "dNLR at admission", "dNLR at discharge", "eGFR +1 (MDRD)", "eGFR +6 (MDRD)", "eGFR -12 (MDRD-4)", "eGFR -3 (MDRD-4)", "eGFR [ml/min/1.73m^2]", "ilo\u00c5\u203a\u00c4\u2021 UTI 2014-2019", "log10 NLR", "log10eGFR - rozk\u00c5\u201aad Falsermalny", "peak-PRA [%]"], "variable_type": "BINARY", "info": {"qpu_access_time": 78893, "charge_time": 2995875, "run_time": 2995875, "problem_id": "b4953023-1b0c-41fd-af96-b76939e56947", "problem_label": "Example - MI Feature Selection"}}