{"type": "SampleSet", "version": {"sampleset_schema": "3.1.0"}, "num_variables": 75, "num_rows": 1, "sample_data": {"type": "array", "data": [[236720763, 748159504, 1152]], "data_type": "uint32", "shape": [1, 3], "use_bytes": false}, "sample_type": "int32", "sample_packed": true, "vectors": {"energy": {"type": "array", "data": [-19.300673699297477], "data_type": "float64", "shape": [1], "use_bytes": false}, "num_occurrences": {"type": "array", "data": [1], "data_type": "int64", "shape": [1], "use_bytes": false}}, "variable_labels": ["AB and Dr mismatch", "AKI - KDIGO 2012", "AKI KDIGO 2012 - Stage [1/2/3]", "Acute RRT initiation", "Age", "Albumins [g/dl]", "Another urosepsis 1 year", "BMI", "Bilirubin [mg/dl]", "CIT [min]", "CRP [mg/l]", "CRP at discharge", "Charlston Comorbidity Index", "Composite endpoint (DEATH / GRAFT LOSS/ ACUTE REJECTION", "Composite endpoint (DEATH / GRAFT LOSS/ ACUTE REJECTION/ eGFR decline>20% to baseline", "Composite endpoint - observation time [days]", "Creatinine", "Creatinine at discharge", "Donor", "FSGS", "GCS", "Glucose [mg/ml]", "Graft loss observation 1 year", "Hemoglobin [g/dl]", "Hight", "Induction", "KTx- Sepsis/UTI/visit [months]", "Limphocytes at discharge", "Lymphocytes [*10^3/ul]", "MAP", "MCH [pg]", "MCV [fL]", "MLR at discharge", "MLR on admission", "Mean baseline eGFR (MDRD-4)", "Monocytes [*10^3/ul]", "Monocytes at discharge", "NLR at discharge", "NLR on admission", "Neutrophiles [*10^3/ul]", "Neutrophiles at discharge", "Next UTI - 6 months", "Next UTI -1 year [observation time (days)]", "Next UTI -6 months [observation time (days)]", "PCT [ng/ml]", "PLR at discharge", "PLR on admission", "PLT [*10^3/ul]", "PLT at discharge", "Potasium [mmol/l]", "RBC [*10^6/ul]", "Reduction 3--> 2", "Reduction to steroid only", "Resistance mechanism", "Shock index", "Steroid bolus", "Systolic blood pressure", "Total serum protein [g/dl]", "Transfusion [True/False]", "Tripple maintenance therapy before admission", "Urea [mg/dl]", "Urinary sepsis", "WBC [*10^3/ul]", "WBC at discharge", "Weight", "dNLR at discharge", "dNLR on admission", "eGFR +1 (MDRD)", "eGFR +12 (MDRD)", "eGFR +3 (MDRD)", "eGFR +6 (MDRD)", "eGFR -12 (MDRD-4)", "eGFR -3 (MDRD-4)", "log10 NLR", "peak-PRA [%]"], "variable_type": "BINARY", "info": {"qpu_access_time": 102397, "charge_time": 2984868, "run_time": 2984868, "problem_id": "b5a538f2-fcfa-4ceb-af9f-f021c13fb752", "problem_label": "Example - MI Feature Selection"}}