{"type": "SampleSet", "version": {"sampleset_schema": "3.1.0"}, "num_variables": 39, "num_rows": 1, "sample_data": {"type": "array", "data": [[245623057, 8]], "data_type": "uint32", "shape": [1, 2], "use_bytes": false}, "sample_type": "int32", "sample_packed": true, "vectors": {"energy": {"type": "array", "data": [-69.1053440474052], "data_type": "float64", "shape": [1], "use_bytes": false}, "num_occurrences": {"type": "array", "data": [1], "data_type": "int64", "shape": [1], "use_bytes": false}}, "variable_labels": ["Age", "BMI", "CIT [min]", "CRP [mg/l]", "CRP at discharge", "Composite endpoint (DEATH / GRAFT LOSS/ ACUTE REJECTION", "Composite endpoint (DEATH / GRAFT LOSS/ ACUTE REJECTION/ eGFR decline>20% to baseline", "Creatinine", "Creatinine at discharge", "Graft loss observation 1 year", "Hemoglobin [g/dl]", "Hight", "KTx- Sepsis/UTI/visit [months]", "Limphocytes at discharge", "Lymphocytes [*10^3/ul]", "MCH [pg]", "MCV [fL]", "MLR at discharge", "MLR on admission", "Mean baseline eGFR (MDRD-4)", "Monocytes [*10^3/ul]", "Monocytes at discharge", "Neutrophiles [*10^3/ul]", "Neutrophiles at discharge", "PLR at discharge", "PLR on admission", "PLT [*10^3/ul]", "PLT at discharge", "Potasium [mmol/l]", "RBC [*10^6/ul]", "Shock index", "Urea [mg/dl]", "WBC at discharge", "Weight", "dNLR at discharge", "dNLR on admission", "eGFR -12 (MDRD-4)", "eGFR -3 (MDRD-4)", "log10 NLR"], "variable_type": "BINARY", "info": {"qpu_access_time": 80140, "charge_time": 2983915, "run_time": 2983915, "problem_id": "59ecc623-833c-4ab8-ba74-1f17fc5fc91d", "problem_label": "Example - MI Feature Selection"}}