{"type": "SampleSet", "version": {"sampleset_schema": "3.1.0"}, "num_variables": 37, "num_rows": 1, "sample_data": {"type": "array", "data": [[4255571455, 29]], "data_type": "uint32", "shape": [1, 2], "use_bytes": false}, "sample_type": "int32", "sample_packed": true, "vectors": {"energy": {"type": "array", "data": [-115.39609629523329], "data_type": "float64", "shape": [1], "use_bytes": false}, "num_occurrences": {"type": "array", "data": [1], "data_type": "int64", "shape": [1], "use_bytes": false}}, "variable_labels": ["AB and Dr mismatch", "AKI - KDIGO 2012", "Acute RRT initiation", "Albumins [g/dl]", "Another urosepsis 1 year", "BMI", "CIT [min]", "CRP [mg/l]", "Charlston Comorbidity Index", "Creatinine", "Donor", "FSGS", "GCS", "Hight", "Induction", "KTx- Sepsis/UTI/visit [months]", "Limphocytes at discharge", "MCV [fL]", "MLR on admission", "Mean baseline eGFR (MDRD-4)", "Monocytes at discharge", "Next UTI - 6 months", "PLR on admission", "PLT at discharge", "Potasium [mmol/l]", "RBC [*10^6/ul]", "Reduction 3--> 2", "Reduction to steroid only", "Steroid bolus", "Transfusion [YES/NO]", "Tripple maintenance therapy before admission", "Urea [mg/dl]", "Urinary sepsis", "eGFR -12 (MDRD-4)", "eGFR -3 (MDRD-4)", "log10 NLR", "peak-PRA [%]"], "variable_type": "BINARY", "info": {"qpu_access_time": 149342, "charge_time": 2993132, "run_time": 2993132, "problem_id": "31384e95-9d5f-4a09-9cf9-81c798473e8a", "problem_label": "Example - MI Feature Selection"}}