{"type": "SampleSet", "version": {"sampleset_schema": "3.1.0"}, "num_variables": 59, "num_rows": 1, "sample_data": {"type": "array", "data": [[549914039, 88272264]], "data_type": "uint32", "shape": [1, 2], "use_bytes": false}, "sample_type": "int32", "sample_packed": true, "vectors": {"energy": {"type": "array", "data": [-81.04138984675228], "data_type": "float64", "shape": [1], "use_bytes": false}, "num_occurrences": {"type": "array", "data": [1], "data_type": "int64", "shape": [1], "use_bytes": false}}, "variable_labels": ["AB and Dr mismatch", "AKI - KDIGO 2012", "Acute RRT initiation", "Age", "Albumins [g/dl]", "Another urosepsis 1 year", "BMI", "CIT [min]", "CRP [mg/l]", "CRP at discharge", "Charlston Comorbidity Index", "Composite endpoint (DEATH / GRAFT LOSS/ ACUTE REJECTION", "Composite endpoint (DEATH / GRAFT LOSS/ ACUTE REJECTION/ eGFR decline>20% to baseline", "Composite endpoint - observation time [days]", "Creatinine", "Creatinine at discharge", "Donor", "FSGS", "GCS", "Graft loss observation 1 year", "Hemoglobin [g/dl]", "Hight", "Induction", "KTx- Sepsis/UTI/visit [months]", "Limphocytes at discharge", "Lymphocytes [*10^3/ul]", "MCH [pg]", "MCV [fL]", "MLR at discharge", "MLR on admission", "Mean baseline eGFR (MDRD-4)", "Monocytes [*10^3/ul]", "Monocytes at discharge", "Neutrophiles [*10^3/ul]", "Neutrophiles at discharge", "Next UTI - 6 months", "PLR at discharge", "PLR on admission", "PLT [*10^3/ul]", "PLT at discharge", "Potasium [mmol/l]", "RBC [*10^6/ul]", "Reduction 3--> 2", "Reduction to steroid only", "Shock index", "Steroid bolus", "Transfusion [YES/NO]", "Tripple maintenance therapy before admission", "Urea [mg/dl]", "Urinary sepsis", "WBC at discharge", "Weight", "dNLR at discharge", "dNLR on admission", "eGFR +1 (MDRD)", "eGFR -12 (MDRD-4)", "eGFR -3 (MDRD-4)", "log10 NLR", "peak-PRA [%]"], "variable_type": "BINARY", "info": {"qpu_access_time": 128507, "charge_time": 2995195, "run_time": 2995195, "problem_id": "12077b2f-8e1e-48b4-a284-3024d8484467", "problem_label": "Example - MI Feature Selection"}}